TGTGGTATCGATAGGG-1_B11,3206,3436,3092,3681,3221,3320,3249,3632,3510,4045,3696,3792,3828,3742,3721,3796,3914,3591,4056,3774,3615,3468,3683,3860,1431,0,0,0,2415,4052,3546,3690,3791,3752,3483,4051,3528,3539,3559,3911,3785,3588,3676,3951,3460,3518,3533,3734,3467,3231,3652,3738,4043,3488,3509,3344,8712,3840,3562,3362,3772,3987,3806,3786,3368,3660,3351,3607,1855,3292,3860,3482,3662,3933,3799,3650,3736,3534,3337,3679,3918,3887,3648,3855,3552,3644,3709,3870,3982,3959,3715,3680,3751,3802,3769,3930,3422,3111,1999,3839,3806,3519,3967,4194,3944,3942,3862,3597,3359,3430,3269,3323,3433,3346,3735,3818,3690,1359,3664,3564,3445,3762,3874,3484,3373,3512,3648,4008,3988,3960,4007,3912,3989,4049,4096,3755,3988,3534,2024,3373,3534,3941,4011,4124,3702,3998,3958,3694,3912,1710,3841,3983,4212,3724,3720,3566,3652,4191,3818,4031,3958,4053,4118,4297,3848,4007,3913,3838,3843,3977,3873,4132,4135,4117,4103,4024,3995,934,4016,3926,3929,4084,4161,3507,4115,4097,3803,1889,4253,3537,3606,3435,3967,4197,3526,3833,3693,4075,4204,3853,3793,3894,3282,3637,3520,3553,3636,3513,3671,3536,3837,3503,3923,3482,673,3961,3881,3715,3643,3856,3636,3257,3581,3494,3703,3922,3844,2205,3845,3800,3724,3870,3783,3831,3594,3989,3817,3682,3879,4107,3693,3776,3596,3901,3946,4012,3695,4118,3476,719,3519,3916,3947,3840,3795,3492,3597,3953,3835,3781,3641,2440,3511,3607,3414,3869,4021,3966,3805,3815,3692,3844,3748,3722,3998,3786,3444,3848,3085,3795,3344,2600,3754,3787,3708,4123,3772,3591,3506,3634,3643,3657,3777,3869,3848,3707,3845,3528,3873,4520,3531,4068,3747,3979,3944,3982,4007,4070,3479,3463,3276,616,4172,3705,3938,3745,3730,3926,3840,3470,3218,1665,0,0,0,3224,3552,3963,4158,3856,3427,3912,3797,4075,3960,3414,3657,3435,3074,3235,857,3653,3599,3664,3822,3535,3786,3673,3322,2001,3080,3597,4005,4054,3540,3482,3620,3631,3356,3747,3918,3628,3877,3700,3798,3413,3543,3362,392,3060,3937,3517,3742,4102,4136,3852,4043,3912,3636,1289,3678,3505,3045,3321,3705,3781,3874,4278,3847,3861,3798,3609,3303,3211,3367,3354,0,3467,3551,3671,4055,3781,3829,3989,1756,3951,3763,3472,3311,3820,4080,3761,3665,3869,3784,3842,3250,3861,3474,3522,3465,3226,3914,2406,0,0,0,860,3653,3697,3855,3877,3781,4055,4021,4303,3857,3591,3733,3954,3760,3605,3901,3837,3713,3806,3039,101,0,0,0,1384,3989,3840,3817,3883,3949,4207,4220,4256,4059,4095,3535,3733,4207,3634,3644,3947,3553,1798,0,0,0,0,3406,3762,3398,3833,3432,4164,3965,3756,3594,3627,3640,3362,3345,3448,3602,4063,2035,3005,3612,3447,3940,3966,3463,4033,208,0,10461,3702,3572,4006,3300,3646,3832,3428,3274,331,3453,3570,3934,3544,1700,3055,3129,3260,3107,3212,3600,3192,3166,3564,3164,2753,838,3996,3787,3738,1663,3698,3908,3680,3571,3731,3643,3991,3952,4342,4155,3810,2289,2928,3399,3179,3078,3541,1528,3493,3547,3444,3097,3478,2743,3821,4130,3974,3498,3358,1275,3453,3638,3647,3633,3915,3702,1821,0,685,2908,3558,3847,3887,3825,3841,3249,1961,0,0,0,3010,3564,3640,3560,3561,3536,3486,868,2891,1953,1917,1973,1946,2120,1978,2153,1911,2023,1795,2071,2176,2185,1935,1974,1878,1831,1898,2046,1986,1892,1927,1993,2067,2194,1932,2110,2129,2054,1903,312,914,2248,1511,1979,2238,2068,0,0,0,0,0,6388
TGCGGGTCATTCAGTG-1_B11,2066,2103,2064,2495,2420,2114,2350,2297,2379,2686,2395,2584,2426,2322,2611,2373,2340,2270,2486,2554,2345,2337,2157,2615,997,0,0,0,1733,2516,2457,2414,2426,2745,2816,2530,2731,2683,2481,2999,2401,2129,2451,2675,2391,2493,2399,2585,2285,2332,2715,2632,2814,2877,2557,2858,7141,2629,2361,2424,2540,2524,2601,2658,2659,2579,2585,2667,1210,2247,2530,2366,2838,2766,2931,2429,2863,2849,2507,2493,2504,2576,2740,2497,2730,2558,2552,2483,2725,2764,2583,2748,2459,2518,2471,2721,2636,2659,1455,2494,2482,2281,2581,2767,2589,2527,2474,2478,2123,2291,2266,2510,2796,2606,2386,2587,2594,1105,2640,2506,2465,2356,2421,2615,2495,2479,2562,2645,2551,2560,2643,2448,2686,2707,2582,2594,2513,2602,1548,2209,2928,2571,2471,2477,2520,2400,2513,2787,2730,1516,2558,2550,2305,2656,2802,2798,2463,2595,2772,2644,2591,2548,2661,2779,2615,2637,2632,2845,2649,2869,2421,2638,2821,2503,2642,2425,2212,545,2722,2468,2606,2787,2426,2473,2854,2693,2741,1405,2878,2665,2904,2610,2667,2911,2713,2442,2592,2479,2703,2667,2665,2583,2634,2554,2515,2343,2670,2630,2740,2711,2493,2677,2604,2373,458,2701,2611,2548,2489,2707,2715,2363,2343,2287,2326,2684,2667,1558,2478,2395,2715,2850,2866,2884,2588,2319,2537,2533,2702,2656,2796,2673,2558,2367,2214,2528,2135,2611,2567,478,2118,2528,2389,2471,2804,2418,2630,2477,2703,2624,2505,1645,2345,2356,2144,2612,2820,2547,2628,2624,2457,2772,2582,2599,2789,2830,2436,2564,2439,2360,2369,2132,2182,2465,2559,2822,2448,2419,2681,2596,2387,2211,2527,2877,2693,2715,2826,2579,2638,2814,2796,2344,2448,2729,2387,2335,2629,2551,2357,2260,2070,426,2276,2301,2101,2417,2434,2288,2451,2220,2123,1042,0,0,0,2204,2292,2697,2710,2532,2432,2631,2605,2708,2306,2376,2551,2416,2191,1876,525,2398,2155,2191,2167,2399,2481,2358,1965,1464,2153,2455,2612,2323,2614,2591,2349,2469,2663,2367,2329,2425,2323,2524,2430,2427,2360,2459,265,2184,2522,2550,2678,2623,2701,2837,2474,2475,2795,803,2655,2451,2276,2346,2811,2626,2568,2514,2411,2563,2708,2691,2622,2329,2418,2322,0,2426,2318,2500,2484,2554,2742,2643,1095,2336,2591,2325,2249,2181,2596,2564,2296,2703,2629,2534,2516,2660,2656,2524,2311,2351,2382,1718,0,0,0,502,2590,2805,2413,2398,2383,2334,2787,2723,2614,2363,2469,2633,2759,2565,2831,2885,2472,2564,2443,56,0,0,0,1115,3138,3007,2815,2571,2746,2786,2850,2551,2528,2322,2570,3181,2604,2618,2943,2647,2303,998,0,0,0,0,2320,2332,3006,2499,2744,2669,2733,2600,2479,2522,2532,2446,2190,2060,2396,2478,1175,2141,2134,2372,2372,2687,2503,2623,127,0,5913,2822,2711,3021,2552,2391,2449,2427,2144,194,2130,2259,2333,2310,1204,2421,2307,2303,2355,2285,2330,2454,2286,2280,2207,2102,486,2723,2530,2781,897,2639,2623,2705,2633,2733,2455,2330,2551,2628,2670,2778,1720,2013,2267,2114,2268,2294,1040,2495,2616,2160,2416,2145,1786,2491,2635,2769,2627,2939,981,2713,2426,2233,2395,2453,2398,1345,0,504,2109,2685,2379,2415,2830,2872,2863,1518,0,0,0,2368,2267,2757,2115,2174,2534,2417,556,1876,1075,961,1109,1254,1361,1143,1250,1190,1332,1071,1031,1200,1149,1184,1368,1302,1236,1238,1042,1040,1181,1358,1335,1391,1294,1463,1302,1322,1312,1257,197,750,1602,929,1457,1487,1393,0,0,0,0,0,3778
CCTCAGTAGCTGCCCA-1_B11,5967,6906,6439,7074,6364,6530,7042,6851,7225,7175,7261,7597,7663,7673,7943,8272,7715,8019,7746,8084,8114,7851,7587,7622,3251,0,0,0,5311,9093,7030,7108,8111,7991,7956,8011,7507,7646,8060,7563,7148,6401,7636,8213,7932,7654,7697,7925,7410,6538,7239,7225,7162,7616,7508,6674,18235,7388,7314,7011,7389,7905,7764,7713,7037,7901,7245,7321,4201,6676,7201,7548,7399,7980,7292,6884,7182,7364,7695,7738,8168,7434,7167,7850,7547,7559,7378,7889,7635,7307,7518,7735,7392,7152,7219,7442,6798,6524,4079,7990,7556,6617,7092,7968,8005,7081,7156,7441,7081,7256,8067,7849,7025,7152,7594,8495,8241,3129,7656,7687,7770,8109,8107,6834,6720,7695,7728,7977,7768,8613,7819,7916,8402,8050,8173,7350,7451,7650,4308,6630,7140,7962,8071,8183,7810,8312,7831,7940,8524,4022,7570,8036,8039,8511,7905,8518,7571,8402,8573,8161,8499,8090,8983,8497,8671,8605,8240,8189,8110,7908,8348,8052,8373,8505,8197,8131,7314,1729,7645,7752,8147,7849,7930,7978,7466,7605,8032,3820,8269,7914,8064,7721,7459,7478,7841,7478,7466,7376,7847,7107,7548,8087,7555,7784,6935,7038,6983,7063,7978,7027,7530,7100,6416,6358,1263,6950,7691,7488,7748,7345,7622,6520,7459,6925,8050,7889,7970,5032,8161,8232,8833,8242,8237,8021,7927,8695,7967,7648,8221,7720,8718,7857,7574,8682,7814,7576,7104,7239,7330,1425,6577,7198,7777,7515,7385,7106,7470,7156,6765,7664,7764,4472,6839,6467,6554,7390,7581,7585,7556,7124,7354,7479,7788,8302,8492,7787,6792,6926,7349,7122,6583,5597,7046,7530,7531,7529,7104,7651,7738,6749,7232,7888,7445,7062,7373,7769,7625,7942,7932,9371,7623,7243,6940,7528,8435,8447,7966,7590,7456,7633,6417,1312,7728,7901,7766,7722,7566,7747,7591,6857,6489,2991,0,0,0,6638,7902,8058,7611,7811,7143,7133,7706,7161,7492,6988,7146,7181,6007,5933,1564,7029,7744,7292,7405,8029,8359,7460,6632,4379,6287,7707,8572,8137,7833,6810,7687,6937,7819,7389,7599,6632,7274,7438,7358,7562,6989,7410,804,6764,7569,7390,7167,7746,8246,7408,8101,7936,7161,2564,7610,6733,6209,6974,7359,7826,7938,7716,8358,8189,7780,7373,6177,6633,7142,7362,0,6569,7055,7776,7470,7949,8519,7663,3305,8108,7761,6676,7498,7800,7883,8269,8127,8289,8216,7699,8010,7399,7198,6534,6511,6357,7003,4960,0,0,0,1635,7894,7783,7808,8128,8127,8034,8045,8444,8045,8356,7877,8386,8129,8513,8054,7981,7867,7801,6694,156,0,0,0,2787,8088,7918,7540,8131,8622,8497,8115,8791,7758,7968,7933,7848,7818,7301,7613,7386,6671,3218,0,0,0,0,7268,7853,8057,7999,7511,8355,7859,7768,7913,6775,7199,7061,7551,7669,7595,7847,3978,5831,7307,7535,7144,8245,7097,8839,448,0,29626,7614,7189,7916,7642,7540,7631,7555,6445,570,6348,7029,7530,7140,4158,6654,6835,6627,6429,6742,8321,7328,7259,7367,6272,5646,1226,7796,8115,6966,3042,8210,8200,7763,8359,7337,7514,8037,7797,7846,8279,7762,4511,5514,6912,6569,6184,6813,3530,6894,7148,6779,6566,7532,5540,6659,7793,7711,7829,7291,2840,6920,7250,7473,6788,7399,6922,3405,0,1439,5970,8112,8342,8109,7754,7562,7017,3973,0,0,0,6420,7081,7542,6859,6479,7110,6874,1482,5280,3903,3639,3871,4126,3982,4012,4044,4385,4221,3971,4241,4326,4225,3908,3904,4226,4173,3846,3566,4102,4156,4286,3975,4121,4391,4338,3752,4082,3782,3836,535,2303,4306,2927,4359,4543,4228,0,0,0,0,0,16362
CCACCTAAGGTGACCA-1_B11,4658,4942,4406,5477,4925,4838,5177,5134,5520,5350,5004,4634,4602,5489,6187,5629,5729,5383,5683,5464,5686,5611,5677,5722,2248,0,0,0,3662,6464,5015,5573,5336,4766,5262,4723,5055,5602,5286,4845,5006,5431,5452,5924,5889,4882,5282,5581,5698,4426,5013,5289,4719,4804,5337,5110,12956,5273,4769,5301,5337,5329,4857,5309,4932,5453,5484,4692,2571,4629,5257,4752,5150,5205,5028,5301,4741,5038,5587,5487,5336,5747,5303,5733,4928,5330,5777,5963,5696,5590,5519,5501,5531,5220,5655,5205,5142,4811,2661,5872,5820,5095,5736,5996,5807,5374,5474,5555,5170,5328,5565,5617,5655,5602,5728,6337,6082,2435,5854,5775,5543,5681,5622,5238,4809,5423,5314,6066,6483,5752,5465,5942,5622,5660,5611,4897,4963,5407,3226,5144,5122,5156,5528,5451,5388,5649,5804,5746,6093,2557,5491,5967,5381,5454,5223,5418,5472,5662,5926,5684,5864,5819,5985,5780,5911,5705,5249,5630,5951,5608,5688,5598,5575,5607,5762,5267,4819,1119,5598,5640,5536,5687,5908,5674,5404,5803,5886,2690,5597,5354,5723,5414,5626,5589,5554,5544,5217,5598,5827,5652,5257,5252,5198,5293,4761,4937,5196,5561,5907,5308,5417,5666,4842,4969,960,5183,5137,5253,5288,5414,5369,4881,4860,4992,5913,5050,5560,3627,6156,5522,5862,4890,5458,5929,5964,5886,4945,4977,5439,5058,5160,5121,5002,4899,4845,5188,4751,5247,5304,981,4712,5493,5890,5498,4700,4592,5384,5793,5161,5494,5615,3452,5281,4910,4946,5929,6335,5972,6153,5346,5246,5302,5499,5733,5833,5849,5475,5529,5715,5058,5456,4576,4980,4807,5147,4974,4769,4887,5398,5504,4978,4847,4901,5379,5386,5643,6027,6133,5338,5880,4983,5477,5333,5219,5651,6029,5228,5424,5472,5143,4970,1007,5664,5594,5600,5405,5628,5512,5385,4579,4535,2346,0,0,0,4614,4991,5162,5901,5299,5036,4820,4853,5305,5460,5971,5525,5249,4242,3923,1119,5495,5159,4966,5917,5502,5733,5738,5125,2990,5021,5399,6372,5902,5765,4784,4858,5318,5604,5303,5267,5442,5500,5565,5634,5482,5093,5370,643,4486,5116,5254,5727,5685,5647,5632,5250,5160,5176,1770,5633,4578,4419,4656,5001,5301,4750,5339,5204,5348,5404,5658,5353,5281,5592,4976,0,4789,5458,5687,6131,5551,5657,5559,2360,5569,5526,4448,5328,5863,5740,5784,5575,6054,6116,5831,5615,5626,5339,5282,5426,4620,5471,3717,0,0,0,1054,5195,5154,5460,5990,5674,5789,5418,5579,5564,5376,5114,5824,6146,5907,5689,5411,5199,5470,4501,127,0,0,0,1882,5268,5742,5569,6097,6058,5741,5604,5492,5911,5617,5764,5341,5818,5911,5746,5654,5010,2419,0,0,0,0,4932,5310,5337,5028,5499,5955,5996,6048,5060,5119,5159,5204,4759,5631,5294,5684,2711,4232,5045,4858,5074,5896,5320,6141,372,0,18900,5045,5094,5781,5286,5270,5530,5095,4836,467,4586,5109,5520,4952,3270,5206,4799,5014,4769,5375,5484,5458,5081,5637,4902,4514,1036,5848,4994,5157,2143,5157,5339,5495,5911,5553,5083,5276,5432,6115,5744,5340,3003,4234,4774,5084,4623,5683,2691,5545,5355,5371,4640,5472,4000,4698,5640,5919,5415,5561,1918,5040,5067,5172,5104,5504,4928,2414,0,951,3978,5636,6105,5815,5331,5365,5233,3335,0,0,0,4377,5526,5502,5205,4740,4924,5062,1062,3911,2717,2577,2390,3246,3246,2833,2823,2986,2963,2700,3056,3200,2617,2868,3059,2750,2763,2856,2961,3198,3161,3110,2883,2885,3057,2922,2961,3015,2865,2579,400,1567,3440,2168,3163,3577,2902,0,0,0,0,0,12292
ACGCCAGAGCAGTACG-1_B12,3718,4319,4110,4407,4476,4327,4528,4599,4470,4588,4755,4653,5081,4749,5966,5018,5557,5167,4986,5522,5545,5350,4789,5046,2104,0,0,0,3342,5645,4396,4477,4938,4805,4775,4813,5180,5446,5654,5780,4362,4576,5173,5597,5011,4997,4766,5059,5407,4017,4872,5113,4846,4905,4688,4707,10296,5755,4834,4971,5451,5562,4701,4391,4783,5326,5246,4935,2565,4680,4820,5138,4830,4732,4671,4690,4389,4990,5010,5478,4930,5046,5398,5508,5210,5020,5263,5806,5208,5057,4758,4917,5602,5107,4512,5555,4447,4370,2601,5251,5036,4554,4911,5341,5758,4944,4944,4616,4554,4532,5094,5389,4851,4904,4975,5192,5263,2072,5741,5460,5199,5490,5373,5384,4327,4570,4847,5294,5378,5170,5029,5210,5074,4889,4903,4808,4717,5210,2773,4367,4759,4778,5151,5343,5261,5667,5643,5388,5801,2649,5390,5610,5883,5577,5096,5289,5210,5560,6051,5669,5552,5734,5716,5724,5594,5859,5137,5590,5248,5061,5207,5100,5118,5871,5809,5592,5035,1158,4317,5278,5054,5358,5677,5593,5293,5067,5355,2689,5514,5315,5487,5185,4968,5051,5583,5450,5189,5654,5611,5474,5274,5153,4728,5497,4678,4816,5247,5133,4972,4740,5097,4813,4714,4353,715,4749,5209,4743,5039,5333,4905,4354,4548,4343,5582,5037,5747,3387,5954,5140,5782,5779,5317,5832,5591,6062,5307,5317,5358,5275,5872,5551,4971,5239,5369,4861,4497,4669,4566,874,4378,4901,5554,5373,5242,4862,5295,4721,4467,4810,4687,3066,4666,4722,4445,5054,5049,5535,5047,4631,4569,4932,5585,5599,5095,4478,4639,4709,4931,4799,4845,3799,5405,5085,4782,5502,4976,4935,5120,4717,4794,5132,5427,5693,5405,5590,6108,5809,5333,5748,5235,4647,4939,5240,5832,5214,5270,4731,5015,5095,4203,963,5052,5244,5271,5125,5261,4934,4817,4183,4175,1931,0,0,0,4332,4709,5018,5097,4761,3851,5089,5065,5271,4690,4521,4296,4095,4062,3691,922,4948,5305,5025,5139,4955,4821,5123,4326,2704,4302,5304,5487,5160,5032,4077,4581,4675,4854,5313,4640,4842,4980,4787,4713,4563,4211,4068,469,3947,5058,4619,5032,5775,5821,5535,5727,5533,4608,1540,5534,4370,3855,4541,4646,5229,4933,5337,5636,5619,5731,5080,4395,4797,4561,4841,0,4713,4632,5121,5650,5526,5305,5060,2215,5715,5210,4683,4687,5536,5327,5021,5195,4883,4833,5176,5006,5097,5143,4277,4806,4502,5052,3368,0,0,0,1136,5518,4994,4815,5716,5410,4961,5106,5808,5491,5881,5434,5401,5440,5618,5675,5326,5048,5131,3943,107,0,0,0,1991,5372,5455,5153,5527,6180,5909,5368,5375,5372,4810,5153,4911,5697,5372,4824,4647,4555,1917,0,0,0,0,4560,4749,5418,5047,4430,5107,4826,5178,4255,4360,4341,4421,4703,5039,4820,4985,2404,3762,4530,4668,4915,5160,4816,6450,314,0,16553,5071,4957,5655,4645,5039,5073,4911,3823,329,4122,4838,4438,4410,2750,4395,4123,4408,4715,4715,5524,4762,4632,5090,3971,3744,968,5583,5011,4733,1771,4960,5194,4839,5308,5142,4857,4905,4859,5509,5405,5003,2715,3434,4472,4367,3893,5236,2270,4628,4521,4688,4349,4176,3799,4481,5589,5549,4945,4728,1882,4557,4685,4647,4353,4861,4811,2088,0,881,3854,5494,5601,5814,4949,4903,4473,2836,0,0,0,4328,4531,4532,4570,3978,4218,4270,885,3631,3008,2825,2830,2597,2407,2760,2905,2426,2722,2811,2702,2626,2700,2759,2866,3065,3001,2730,3267,3267,2757,3022,2690,2721,2472,2535,2752,3184,2720,2574,361,1441,2993,2006,3001,3081,3250,0,0,0,0,0,9527
TATTACCTCGTGTCAA-1_B12,3229,3070,3243,3543,3588,3395,3701,3471,3441,3378,3394,3504,3604,3376,3665,3342,3168,3478,3448,3724,3690,3482,3657,3857,1492,0,0,0,2065,4008,3504,3480,3393,3410,3729,3532,3473,3291,3619,3616,3289,3166,3381,3709,3591,3623,3607,3216,3487,2825,3350,3610,3299,3164,3288,3195,7050,3376,3474,3485,3556,3722,3746,3775,3634,3746,3532,3529,1852,3277,3095,3340,3298,3750,3544,3266,3607,3244,3283,3446,3351,3504,3532,3738,3604,3656,3856,3565,3778,3518,3622,3620,3767,3910,3639,3874,3447,3642,2095,3241,3292,3468,3656,3634,3612,3567,3512,3549,3410,3550,3352,3305,3326,3503,3385,3616,3416,1363,3805,3526,3366,3887,3494,3582,3249,3577,3541,3560,3552,3631,3733,3512,3558,3385,3219,3393,3709,3665,1963,3593,3821,3861,3407,3375,3484,3520,3637,3589,3569,1855,3528,3694,3300,3491,3470,3549,3733,3439,3529,3508,3528,3320,3323,3556,3539,3510,3730,3498,3650,3535,3691,3919,3873,3691,3419,3627,3859,845,3903,3696,3515,3657,3855,3397,3863,3589,3588,1792,3721,3442,3464,3461,3526,3487,3406,3261,3589,3733,3745,3821,3853,3694,3592,3555,3630,3204,3642,3700,3385,3652,3442,3644,3735,3437,701,3617,3443,3324,3385,3875,3849,3357,3464,3787,3581,3879,3711,2152,3351,3657,3580,3855,3623,3612,3475,3623,3457,3844,3828,3936,3806,3582,3690,3876,3533,3912,3736,3788,3820,764,3601,3456,3679,3691,3341,3502,3517,3975,3783,3453,3491,2337,3519,3398,3558,3603,3720,3672,3973,3556,3451,4035,3603,3973,3774,3333,3492,3483,3320,3285,3590,2950,3429,3759,3685,3862,3488,3295,3682,3696,3408,3771,3691,3958,3707,3722,3686,3893,3409,4052,3350,3629,3431,3790,3566,3457,3817,3438,3592,3557,3186,652,3434,3519,3688,3402,3543,3690,3643,3311,3032,1426,0,0,0,3066,3655,3558,3301,3463,3454,3482,3286,3702,4079,3648,3645,3672,3275,3133,757,3132,3696,3669,3459,3310,3477,3219,3032,2019,3075,3434,3573,3708,3401,3610,3714,3513,3765,3781,3594,3523,3907,3962,3927,3890,3590,3691,473,3477,3490,3858,3725,3646,3407,3718,3736,3669,3400,998,3592,3459,3407,3465,3571,3615,3670,3889,3420,3831,3824,3682,3218,3188,3340,3390,0,3505,3569,3461,3759,3708,3591,3627,1590,3939,3706,3667,3586,3670,3851,3793,3731,3654,3734,3827,3576,3540,3621,3519,3553,3461,3541,2678,0,0,0,728,3590,3512,3471,3479,3884,3709,3746,3744,3802,3670,3681,3672,3818,3649,3795,3739,3638,3599,3514,86,0,0,0,1231,3993,3757,3572,3982,3638,3623,3571,3490,3606,3870,3620,3528,3800,3748,3434,3597,3552,1509,0,0,0,0,3102,3774,3511,3153,3667,3698,3513,3443,3500,3373,3645,3498,3421,3894,3688,3802,1779,3091,3496,3406,3671,3827,3343,4333,220,0,11712,3668,3310,3797,3565,3907,3525,3560,3641,297,3249,3401,3570,3441,1976,3280,3583,3544,3334,3128,3420,3387,3623,3575,3264,3224,799,3800,3891,3604,1493,3614,3886,3767,3573,3595,3507,3256,3493,3695,3734,3903,2244,3234,3451,3586,3525,3490,1629,3300,3622,3520,3355,3631,2864,3377,3541,3293,3323,3524,1346,3563,3610,3860,3339,2993,3582,1824,0,620,2401,3598,3532,3366,3513,3645,3296,2200,0,0,0,3121,3226,3358,3186,3133,3329,3384,774,2404,1844,1746,1605,2008,1922,1901,1894,1635,1831,1707,1917,1827,1971,1562,2090,1788,2031,1984,1859,1894,1982,1745,1706,1910,1803,1809,1919,1994,1819,1621,273,1006,1992,1196,1929,2092,1819,0,0,0,0,0,6295
TGCCCATAGTCCGGTC-1_B12,3627,3854,3684,4238,3716,3798,3834,3818,3866,4045,3945,4433,3947,3992,3758,4106,3873,3755,3381,3701,2555,3872,4163,4103,1516,0,0,0,2330,4649,4012,3822,4230,3779,3975,3871,3876,3890,3821,3769,2757,3111,3532,3611,3848,4065,3376,3462,3403,3118,4081,4110,4395,4212,3689,3945,8065,3665,3942,3967,3895,3871,3581,3814,3887,3533,3868,4271,2102,4131,4018,4342,4187,4332,4271,4504,4300,4123,4203,3763,4052,4335,4235,3663,4035,4058,3745,3926,4001,4199,3774,3701,3232,3451,3562,3558,3557,4238,2505,4063,4082,4038,4088,4316,4117,3868,4030,4246,3966,3695,3806,3822,3834,4420,4015,4031,4362,1596,4308,3600,3942,4257,4168,4055,4110,3977,3966,3927,3493,3795,3928,3830,4274,3970,3494,3896,4348,4231,2517,4049,4090,3555,3873,4095,3991,3981,4094,4110,4155,1845,3767,4068,3849,3654,3869,3886,3599,3625,3912,4257,4078,4201,4143,4173,3949,4391,3986,4437,4514,4083,4319,4348,4240,3988,4004,4216,4135,1029,4471,3998,4192,4424,4202,4102,4223,3978,4041,1883,4050,3951,3561,3701,3749,3678,4493,4189,3890,4199,4115,2923,4019,3926,4017,4235,3967,3989,3749,4185,4105,4057,4156,4275,3775,3781,771,4269,3839,4164,4282,4561,4093,3987,3825,3732,3914,4118,4367,2525,4135,4251,4064,3981,4092,4059,4188,4020,3763,3740,4391,4004,3990,3987,4030,4308,3822,4006,3401,4131,4036,816,3897,4024,4419,4213,3929,4161,4080,3380,3512,4033,3900,2642,3943,4175,3925,3860,4324,3572,3739,3823,3976,4131,4068,3799,3852,4195,3898,3912,4206,3711,3571,3312,3877,4419,4121,3844,3777,3622,4078,3943,3783,3986,3839,4236,4163,4452,4088,3575,4213,5266,3714,4061,4169,3906,4290,4082,3816,4095,3953,4132,4174,810,3530,3712,3931,3532,4344,4042,3782,3619,3311,1452,0,0,0,3430,4122,4478,4446,4304,4043,4520,4009,4180,4368,4025,4148,3986,3561,3840,930,3820,3844,3859,4368,4071,3917,4152,3616,2147,3261,3595,4328,3925,3946,3701,4152,3939,4142,4004,3912,3890,3675,4128,4037,4206,3416,3590,420,3934,4191,3936,3985,4046,3807,3812,4086,3787,4037,1379,3925,3765,3890,3926,3752,3681,3941,4212,4174,4130,3717,3714,3890,3871,3821,3957,0,3746,4033,3675,3922,4194,4251,3847,1584,4008,4383,4141,4028,4089,4052,4041,4018,3789,4017,4050,4080,4188,4117,4285,4141,3835,4078,2976,0,0,0,830,4067,3845,3893,3883,3959,3808,3869,4088,4028,3954,4061,3682,4134,3692,3932,4188,4021,3867,3735,77,0,0,0,1388,4302,4038,3607,4030,3543,3462,3729,4043,3819,3906,4066,3344,3827,3905,4111,3805,4063,1900,0,0,0,0,3453,4480,4200,4281,3377,3579,3387,3177,3459,3842,3618,3799,3249,4198,4098,4486,2205,3595,3964,3953,4469,4688,4091,4850,239,0,13786,4282,4095,3998,4013,4133,4083,4051,3975,401,3601,3690,4130,4099,2215,3608,3900,3873,3797,3813,4412,4014,3979,3792,4104,3966,857,4159,4093,4279,1761,4131,3815,3942,3850,3965,3846,4027,3824,3997,4170,4184,2468,3852,4052,3853,3785,4280,1794,3969,4396,3593,4227,4152,3042,3756,3855,3989,3746,4104,1654,3888,4001,3887,4170,3926,3937,2119,0,657,2947,4084,4295,4328,4123,3459,4011,2676,0,0,0,3567,4144,3904,3770,3899,3962,4016,921,2834,2201,2179,1329,1919,2117,2245,2192,2205,2292,2150,2376,2199,2061,2058,1824,1883,1891,1885,2261,2157,2221,2165,2254,2214,2211,2171,2185,1914,2084,2081,272,1042,2441,1388,2343,2289,2082,0,0,0,0,0,6832
TTAGGCAAGCCAGAAC-1_B11,4488,4894,4758,4960,4398,4986,5245,5179,5182,5101,5207,5526,5751,5929,5642,5643,5610,5746,5469,5557,6001,6210,4980,5372,2329,0,0,0,3528,6122,5233,5443,5297,5802,6320,5701,5838,5958,5640,6194,5223,5722,5390,5702,6204,5784,5025,5481,5240,4218,5300,5340,5628,5373,5887,4941,13451,5381,5623,4950,5331,5833,5852,5505,5259,5571,5851,5071,2860,5039,5859,5605,5118,5030,5553,5511,5423,5211,5699,5745,5760,5864,5715,5407,5332,5609,5811,6185,5625,5601,5128,5417,5435,5310,5082,5670,5387,5210,3074,5594,5182,4766,5171,5257,5248,5501,5310,5327,4998,4920,5236,5307,5250,5239,5163,4934,5251,2265,6040,5405,4978,4861,5155,4806,4457,5586,4891,5406,5403,5458,5665,4961,5419,6003,5612,5382,4930,5537,3142,4989,4936,5257,5054,5262,5490,5320,5435,5658,6015,2616,5754,5214,5704,5577,6321,6007,5795,5447,5686,5251,6002,5605,5970,5574,5926,6184,5830,5489,5668,5560,5647,5657,5798,6089,6196,5714,5096,1431,5790,5657,5637,6158,6353,5846,5994,5562,5515,2792,6115,5300,5633,5513,5400,5689,5916,5697,5283,5560,6122,5862,5579,6070,5772,5675,5398,5246,5788,5640,5833,5458,5441,5466,5490,5067,1006,5491,5225,4796,5573,5711,5406,4800,5495,5318,5145,5770,5997,3750,5939,5774,6235,6360,6298,5969,5861,6040,5607,5777,5482,6145,6181,6152,5606,5883,5724,5663,5365,5409,5810,1148,4831,5485,6225,5641,6091,5371,5560,5359,5608,5630,6081,3796,5064,5596,4863,5162,6036,6298,5807,5663,5742,5725,5774,5896,6256,5727,5595,5916,5454,5607,5170,4465,5292,4961,5390,5582,4902,4784,5490,5165,5384,5731,5807,5982,5869,6002,5838,6052,5975,7372,6038,5291,5448,5434,5652,5438,5085,5288,5923,5769,4801,770,5724,5635,5955,5737,5637,5549,5168,4936,4790,2340,0,0,0,5024,5522,5663,5261,5158,4850,5324,5793,5888,6015,5708,5868,5411,4562,4154,1137,4863,5327,5179,5787,5837,5726,5721,4877,3126,4794,5510,6027,5659,6014,5006,4993,5417,5375,5745,5542,5332,5936,5753,5213,5477,4783,5078,630,4316,5213,5125,5406,5757,6044,5227,5176,5388,5026,1730,5653,4517,4592,4493,4921,5245,5770,5613,5631,5484,5223,5288,4743,5311,5309,4449,0,5322,5746,5871,5776,5878,5818,5158,2685,5577,5395,4826,5644,5344,5352,5246,5575,5978,5706,5339,5604,5180,4997,5286,5474,5012,5463,3683,0,0,0,982,5670,5550,5573,5895,5647,5514,5865,5984,6405,6140,5549,6138,6288,6250,5920,6118,5606,5380,4974,108,0,0,0,1853,5687,5642,5717,5489,5585,4868,5204,5708,5139,5547,5584,5436,5873,5733,5208,5074,5435,2153,0,0,0,0,4687,5087,5133,5275,5267,5674,5189,5364,5223,4770,5443,5495,5778,5204,5457,5399,2762,4612,5091,4966,5344,6043,5798,6305,335,0,17352,5623,5420,5767,5182,5493,5215,5515,4759,464,4515,4517,4985,5032,2644,4694,4928,5055,5109,5103,5259,5398,5640,5451,5095,4591,1237,5804,5501,5500,2201,5321,5734,5502,5667,5745,5263,5410,5725,5607,6087,5617,3361,4519,5279,5306,4577,5196,2666,5339,4985,5607,5068,4982,3865,5380,5853,6015,5522,4637,1983,5083,5495,5419,5439,5355,5144,2535,0,1114,4353,5768,5807,5670,5786,5087,4795,2962,0,0,0,4756,4828,5615,5677,4888,4951,4784,1034,3877,2508,2671,2713,2837,2942,2909,2694,2699,2960,2723,3139,3154,3247,2935,2926,3047,3191,3273,3006,2549,2981,2850,2916,2625,3268,2965,2710,2778,2676,2442,469,1749,3291,1931,2895,3199,3086,0,0,0,0,0,10867
AGTTGGTAGGGTTTCT-1_B12,4399,4615,4700,4786,4758,4525,4957,4582,4984,4606,4632,2802,2551,2881,2735,2747,3204,2851,2551,2691,2579,4472,4718,5922,2270,0,0,0,3351,4891,4357,5457,5309,5290,3683,5057,4181,3015,4433,5887,4758,4833,5230,6093,5267,5055,4989,5255,5017,2179,4953,5048,5694,5188,5249,5258,10558,5092,5598,5205,5764,5390,5382,5534,5217,5628,5622,5503,2618,4536,5272,5180,4821,5711,5131,5331,4929,5312,5793,5871,5435,5510,5772,5724,5545,5818,6220,6295,6046,5633,4969,5137,6051,5292,5455,5146,4762,4325,2735,5563,5057,4242,5711,5706,5477,5199,4837,5417,4182,5072,5238,4928,5513,5298,5236,5404,5835,2353,5587,6101,5608,5517,4697,5149,4727,5548,5489,5388,5428,5620,5692,5879,6115,4986,4979,5245,5278,5630,3010,4196,4766,5289,5362,5619,5654,5713,5606,5254,6032,2405,5647,6170,5385,4438,5028,6176,5486,5600,5515,5745,5211,5562,5903,6083,6196,6472,6106,5432,5757,5255,5598,5559,5195,5545,5777,5533,5671,1481,5655,5958,5632,5578,6506,6607,5685,5836,5520,2804,5864,5512,5867,5457,5337,5356,5944,6048,5382,5893,6014,5586,5697,5678,5242,5863,4765,4817,5686,5519,5212,5650,5923,5348,4357,4477,962,4822,5127,5173,5275,5340,5107,4752,5062,4506,5556,5232,5457,3002,6220,5388,5973,5832,5964,5672,5834,5542,5540,5362,5833,5808,6037,5525,6007,6419,5787,5685,5292,5767,5191,875,4604,5161,6088,5568,5694,4948,5513,5321,5126,5151,5056,2978,4849,4972,4191,5271,5445,5404,5548,4771,4178,5365,6465,6489,6086,5761,5335,5047,5435,5664,4947,4314,4782,5199,3752,3092,4363,4595,5309,4842,4921,4339,2784,2604,3618,4442,5249,6332,5504,6275,5288,5306,5098,5696,5527,5730,5548,5298,5223,5807,4181,831,5536,5189,5779,5140,5716,6219,5772,4664,4572,2163,0,0,0,4678,4874,5714,5628,4842,4872,4893,2513,2634,2501,2852,2678,3204,3969,3663,1023,2130,2401,4060,5115,5475,4794,4515,2437,2012,4385,4790,5642,5039,5678,4391,4626,4347,2941,2184,2620,3127,5380,5570,5212,4927,4494,4203,297,4110,5033,5550,5290,5029,5479,5478,5647,5568,4746,1525,4830,4099,4006,4295,4735,5396,5345,5796,6047,5957,5432,5170,4680,5200,5417,4797,0,5156,5147,5424,5575,5273,5649,5051,2548,5592,5089,4306,5106,5943,5496,5705,5773,6151,5937,5593,5742,5742,4883,4654,4872,4351,5669,3432,0,0,0,1051,5247,5131,5290,5864,5384,5299,5521,4874,6150,6738,6224,5344,5916,6067,5721,5498,4602,3777,4164,99,0,0,0,2130,5580,6120,5534,5131,5902,6139,5234,5171,5620,5395,5293,5378,5633,5274,4855,5557,4731,2114,0,0,0,0,4582,5087,4954,5812,5055,5692,5469,5818,5636,4906,5130,3757,4867,2496,4585,5556,2574,3690,4830,4992,4808,5388,4949,6181,337,0,20563,5767,5055,5796,5159,4844,4555,4745,4224,485,4446,4354,4963,4735,2891,4549,4717,4556,4461,4660,5562,5477,5095,5457,4522,4094,729,5545,5410,5336,2285,5305,5254,2987,3678,3769,3263,634,72,38,348,2507,1489,3666,4659,4411,4373,5251,2160,4693,4816,4760,3756,4543,3929,4424,5052,5115,5317,5130,1969,4502,4277,4936,4753,5058,4038,1980,0,1119,4291,5665,5931,5872,5089,4686,5073,2856,0,0,0,4371,4449,4341,4947,4501,4652,4372,1069,3464,2592,2806,1985,2469,2577,2813,2739,2671,2656,2786,3465,3344,2781,3098,2865,2880,2997,3109,3150,2860,3218,3120,3017,2669,2790,2855,2904,3032,2817,2604,414,1456,3126,2155,2860,3134,3202,0,0,0,0,0,11499
TCAGCAACAGATATCC-1_B11,5442,5688,5486,5854,5849,5562,5837,6070,5457,5404,5409,5304,5835,6379,6207,6361,6388,6311,6439,6490,6771,6496,5829,5958,2185,0,0,0,3964,6465,6034,5522,6101,6607,6458,6179,5841,5812,6737,5709,5649,5542,6144,6174,5410,6066,5852,5920,5978,5186,5483,4996,5650,5719,5549,5398,17872,5981,5396,5266,5266,5891,5677,5784,4662,5206,5284,5176,2885,5498,5140,5048,5460,5786,5116,4996,5858,6010,5776,5843,5424,5003,5548,6079,5568,5617,5859,6368,5558,5262,5287,5507,5896,5369,5246,5803,5408,5996,3323,6335,5924,4866,5502,4930,5727,5413,5740,5443,4956,4894,5263,5388,5892,5642,6227,6075,5845,2450,5894,5955,6315,6253,6338,5747,4831,4539,5626,5078,5134,6080,5861,6231,5757,5948,6285,6063,6249,5870,3599,5008,5473,5920,5726,5788,5991,6468,5775,5430,6228,2652,6061,6964,6500,6178,5711,5106,5633,5819,6304,5927,6285,6095,5809,5675,5851,5893,5527,5765,5787,5478,6360,6645,6605,5758,6099,5912,5702,1581,6291,6241,5398,5520,5879,6130,5958,5940,5545,3025,5701,5866,6371,6059,5745,6092,6526,6451,6471,5246,5042,5422,6186,6778,6441,5962,5388,5280,5805,5564,5784,5505,5795,4896,5545,5469,1040,5721,5536,5835,5697,5857,5826,5557,6174,5765,5664,5563,6173,3610,6550,6271,5501,5401,6083,6176,6112,6489,5470,5619,5855,6302,5966,5957,5797,6006,6259,6349,5772,5943,5218,992,5102,5638,5963,5621,5822,5776,5327,5794,5901,5720,6212,3250,5331,5539,5288,5845,5789,6097,6120,5990,5515,6080,5984,5991,6832,6035,5320,5722,5472,5183,5516,4893,5593,5814,5690,5617,5650,5444,5623,5433,5723,5592,5437,5588,5753,5932,6234,6533,6298,7601,6363,6240,6293,7063,6686,7133,6351,6170,5930,5717,5391,1159,5874,5669,5493,5174,5969,5511,5711,5239,5322,2360,0,0,0,4711,5611,5954,5599,5882,5243,5557,5570,6787,6190,6115,5646,5878,4815,5120,1214,5621,5978,5632,4900,5704,5897,5985,4031,2863,4648,5227,6015,5432,5831,5283,5321,5375,5709,5254,5573,5331,5778,5989,5966,5520,4824,4889,556,5115,5733,6012,5791,6084,6401,5796,6056,5964,5555,1727,5508,5246,4737,5698,5881,6336,6241,6113,5846,5373,5455,5702,5808,5847,5616,5666,0,5473,5753,6077,5704,5994,6109,5846,2628,5936,5656,5072,5341,6265,6024,6535,5425,5924,6063,5977,5485,6216,6084,5407,4972,4660,5865,4037,0,0,0,1252,6376,6724,6584,6197,6424,6243,5709,6812,6301,6026,6356,5853,6287,6117,5952,5544,6155,6136,4982,194,0,0,0,2391,5926,6418,5951,6375,6954,5132,5593,5977,6074,5927,6006,6107,5162,5338,5594,5092,5208,2525,0,0,0,0,5436,5969,6228,6328,5552,5440,5902,6507,5872,5048,5420,5016,5382,5486,5812,5697,2957,4560,5568,4700,5892,6084,5609,7377,418,0,18093,5638,5719,6014,5614,6175,6265,5440,5015,429,5340,5547,5914,5791,3145,5829,5748,6086,5359,5263,5905,6118,5806,6453,5464,4669,1126,6444,5397,5645,2325,5819,6203,5691,6345,6117,5346,5764,5643,6168,6000,5906,3510,4809,5360,5057,4988,5457,2610,5504,6138,5808,4872,6257,4890,5195,5247,4724,4924,4749,1865,5257,5789,5092,5330,5316,4494,2559,0,1128,4452,6220,6687,6122,6056,5377,5419,3463,0,0,0,4601,5452,5879,5329,5281,5498,5065,1157,4171,2909,2949,2979,2559,3246,2864,2867,3011,2999,3238,3534,3498,3524,2686,3142,3144,3207,2922,3246,2887,2689,3210,2937,2856,3199,3040,2938,2982,2932,2837,519,1544,3437,2331,3105,3150,2714,0,0,0,0,0,10979
CTGGTCTTCACTCATT-1_B11,3459,3466,3365,3952,3771,3540,4035,3961,3629,3920,3945,4094,4010,4124,4148,4068,4002,4548,4164,3972,3696,4234,3858,3777,1648,0,0,0,2733,4907,3923,4066,4393,4225,4022,3822,4189,4263,3894,3987,3932,3670,3809,4125,3834,4269,3687,3910,3762,3378,3537,3807,3747,3493,4208,4181,9838,4018,4144,4297,4470,4224,4160,4139,4002,4265,4170,4009,2243,4106,4214,4248,3822,3999,4085,4061,4496,3941,3824,3482,4105,4454,4180,4381,4166,4108,4095,4256,4219,4047,3730,3973,3839,4083,3952,4377,4145,4028,2342,3835,3579,3970,3737,4016,4138,3775,4111,3984,3768,3237,3818,3703,4121,3893,3933,4184,4246,1757,4244,3905,3977,3393,3675,4143,3587,3607,3628,3900,4084,4091,3989,3405,3759,3375,3457,4209,4111,4277,2549,3472,3730,4246,3381,3800,4192,4484,4182,3724,4305,2167,4203,3995,4393,3858,3680,4102,4300,3792,3605,3963,4008,4149,3561,4297,3950,3936,3807,4100,3907,3842,3947,3982,3821,3757,4155,4100,3544,892,4307,3948,3986,4055,4128,4280,3999,3982,3915,1941,4260,4296,4441,3682,4424,3742,4215,4147,3624,4082,4122,4407,4384,4186,3637,4120,3723,3952,3716,4252,4388,4133,3834,3986,3531,3394,784,3693,3790,3591,3515,4541,4018,3953,3704,3754,4164,3994,4136,2428,3373,4212,4327,4413,4427,4138,3748,4448,3855,4345,4380,4226,4324,4372,3955,4178,3818,4142,4000,4069,3674,774,3152,3715,3884,4134,3720,4276,3998,3857,4016,4363,3905,2504,3730,3769,3726,3333,3927,3950,4457,4180,3525,3546,3919,4418,3858,3576,3363,4012,3845,3999,3800,3138,4151,3987,4338,4066,3666,3635,4137,4246,3302,3697,3942,3989,3809,3806,4049,3539,3860,4529,3976,4451,3918,3715,4195,3628,4241,3976,4066,4033,3469,833,3143,3795,3506,3730,3663,4034,4017,3450,3139,1540,0,0,0,3503,4069,4445,3903,4016,3832,3781,3792,4230,3892,3531,3614,3728,3590,3207,770,3407,3533,3573,3739,3829,3859,3735,3898,2431,3281,3621,3846,3635,3500,3457,3478,3457,3729,3857,3669,3909,3581,3912,4056,3722,3499,3463,403,4065,4380,4217,4182,4237,4393,4334,4404,4315,3939,1406,4305,3588,3357,3605,3767,3843,4187,3908,4435,4415,4196,4418,3809,4001,4017,3783,0,3585,3849,4243,4669,4327,4502,3816,1737,3829,4005,3939,3988,3747,4177,3787,3816,3996,3865,4081,4501,3663,3618,3816,3782,3521,3984,3080,0,0,0,774,4419,4358,4117,3900,3967,4358,4186,4424,4265,4378,4619,4355,4224,4175,4587,4550,4364,4207,3413,74,0,0,0,1507,4446,4359,4126,4279,4275,4525,3986,4129,4166,4068,4197,3680,4098,4194,3765,3905,3586,1828,0,0,0,0,3917,3939,3992,3879,3746,3413,3598,3512,3968,3378,3926,4140,4030,3767,4081,3895,2067,3441,4071,3919,3873,3914,4071,4725,194,0,11349,3637,3463,3789,3370,3434,4005,3817,3603,379,3556,3526,3983,3657,2139,3468,3900,4092,3644,3584,3920,3616,3773,4049,3728,3186,890,4196,4479,4183,1732,4294,3930,4384,3830,4085,3717,4035,3784,4405,4065,4186,2599,3246,3990,3635,3397,3848,1781,3793,3750,4044,3732,4009,3355,3621,4057,3773,3729,3881,1348,4015,3873,3694,3214,3611,3885,2079,0,701,3165,4284,4380,4166,4207,3841,3831,2027,0,0,0,3141,3876,4241,3770,3554,3409,3299,710,2589,2180,2273,2183,2331,2330,2278,2348,2136,1859,1894,2371,2074,2148,2115,2219,2260,2220,2135,2306,2019,2141,2297,2307,2244,2197,2428,1972,2215,2163,2013,303,961,2512,1478,1982,2441,2078,0,0,0,0,0,6887
AGAGCTTTCGTACGCG-1_B11,2647,2469,2301,2867,2595,2434,2691,2662,2641,2822,2728,2624,2886,2814,2986,2964,2814,2840,2951,2713,2823,2949,2582,2677,1077,0,0,0,1877,3094,2705,2568,2613,2754,2800,2730,2770,2877,2932,2861,2601,2426,2858,3043,2949,2718,2800,2791,2816,2448,2769,2918,2753,2914,2718,2676,8439,2829,2992,2878,2976,2782,2816,2422,2669,2709,2619,2823,1611,2594,2582,2705,2873,2866,2556,2653,2879,2642,3062,2775,2714,2573,2708,2920,2369,2776,2805,2824,2770,2613,2774,2786,2761,2761,2811,2520,2503,2619,1536,2557,3148,2641,2623,2894,2913,2617,2676,2685,2696,2703,2769,2782,2891,2760,2649,3002,3013,1049,2653,2904,2699,2634,2722,2419,2638,2764,3000,2889,2934,2843,2749,2893,3032,2629,2611,2970,3239,2874,1546,2845,2935,2806,2704,2683,2740,3039,2702,2780,3135,1330,2803,3017,2651,2621,2697,2918,2948,2931,2899,2996,2907,2502,2711,2929,3082,3053,2741,2907,3040,2798,2715,2897,3106,3285,2923,3092,2669,742,2855,2501,2729,2809,2937,2914,3164,2927,2980,1289,2837,2698,2756,2717,2893,2713,2880,2936,2542,2465,2864,2745,2676,2801,2841,2874,2543,2675,2695,2742,2844,2625,2708,2721,2630,2501,539,2595,2823,2724,2765,2789,2621,2553,2370,2505,2724,2799,2608,1642,2489,2825,2857,2631,2923,2849,2963,2837,2955,2603,2686,3103,2859,2454,2913,2707,2843,2759,2482,2837,2923,571,2465,2931,3185,2657,2854,2908,2888,2536,2693,2809,2962,1747,2752,2757,2875,2728,2821,2987,2875,2937,2691,2879,2854,2535,2668,2676,2553,3030,2857,2675,2678,2408,2645,2520,2779,2689,2502,2534,2914,2703,2402,2763,2944,2896,2848,2876,2936,2706,2807,3067,2640,2816,2713,2765,2720,2866,2588,2524,2900,2910,2477,587,2939,2547,2828,2650,2931,2697,2899,2475,2349,1116,0,0,0,2545,2741,3062,2774,2702,2575,2885,2844,2846,2982,3133,2695,2567,2399,2387,552,2416,2987,2512,2571,2778,2801,2676,2460,1713,2815,2696,3096,2871,2435,2681,2592,2663,2958,2944,2604,2637,2791,2657,2506,2948,2852,2565,316,2673,2724,2824,2919,2759,2907,2692,2943,2835,2540,783,2652,2685,2394,2652,2704,2471,2894,2909,2612,2581,2863,2652,2622,2727,2510,2679,0,2768,2847,2709,2631,2811,2766,2410,1078,2772,2684,2530,2795,2915,3159,2800,2575,2952,2738,2675,2760,2907,2720,2719,2506,2610,2962,1982,0,0,0,626,2756,2915,2766,2954,2659,2693,2644,2457,2827,3025,2665,2845,2822,2652,2661,2485,2901,2926,2402,50,0,0,0,1033,2530,3048,2970,3103,3075,2657,2785,2505,2862,2694,3006,2855,3161,2974,2941,2586,2788,1208,0,0,0,0,2362,2757,2656,2680,2569,2964,2839,2737,2546,2777,2896,2699,2638,2730,2734,2708,1435,2291,2465,2699,2714,3023,2415,3160,158,0,9416,2753,2816,2935,2685,3035,2788,2875,2707,215,2472,2440,2410,2541,1481,2557,2521,2755,2389,2536,2624,2614,2386,2926,2716,2417,658,2611,2608,2749,1158,2725,2801,3052,3018,2866,2869,2618,2758,2746,2859,2751,1640,2446,2562,2453,2789,2644,1412,2762,2935,2695,2735,2780,2033,2537,2767,2645,2738,2894,1034,2622,2595,2733,2566,2745,2380,1451,0,516,2172,2685,2650,2615,2936,2941,2873,1661,0,0,0,2360,2569,2571,2692,2550,2487,2694,562,2026,1355,1283,1273,1483,1411,1496,1563,1492,1546,1439,1813,1710,1428,1538,1426,1620,1323,1585,1480,1534,1270,1417,1458,1563,1411,1513,1427,1367,1445,1498,211,788,1670,839,1386,1690,1557,0,0,0,0,0,5802
GTGCAGCAGCTAGTTC-1_B11,5039,5796,6115,6783,6328,6125,6255,6584,6810,6731,6947,6981,7096,6844,8317,8061,8567,7802,7373,8389,7978,7928,6717,7764,2489,0,0,0,4917,8287,6691,7161,6944,7128,8363,7392,7388,7639,8074,7251,6767,6592,8098,7654,6750,7110,7445,7036,7956,5828,6733,6787,7769,7987,7575,7011,20862,7241,8076,7136,7183,6876,8192,8061,7067,7755,8070,6980,3535,5761,7596,7043,6213,7275,6765,6905,7738,7157,7808,7339,8085,8210,8099,8201,7313,7698,7164,7864,7754,8434,7350,7045,7643,6692,7205,7838,7216,6067,3593,7619,6695,6405,7060,6885,7386,7409,7173,5917,6660,6993,6960,7090,7356,7212,7877,8477,8122,2986,7939,6998,7207,7202,6879,6670,6149,7176,7131,6800,7714,8007,7955,6941,7619,7291,7635,7866,7167,7069,3949,6066,6493,6337,6915,7500,7064,6987,7203,6314,7306,3561,7135,7543,7680,7833,6881,6917,7343,7492,7367,7097,7882,7352,8439,7780,7693,7634,7687,7073,7166,7297,8369,8497,7718,7570,7734,7973,7575,1939,6979,6771,7750,7967,7374,7298,6601,6731,6359,3326,7230,6915,7520,6453,7018,6973,7669,7813,8121,8126,7450,7504,6953,8044,7862,6839,5720,6557,6780,6507,6958,6768,7348,6661,6796,6199,1105,6340,7379,6954,7895,7105,7744,6678,7156,7031,7297,6934,7327,4506,7831,6483,8280,7446,6964,6751,7423,8374,7039,7162,7388,8081,7544,7223,7015,7240,6735,6902,6474,6841,6102,1127,6105,6691,7724,6906,6501,6676,6841,7267,6672,6785,7775,4344,6324,6906,5918,6787,6915,7551,7869,6927,6734,7734,7834,7524,7850,7770,6897,5809,7464,6734,6846,5778,6724,6837,7491,7094,6467,6747,7161,6588,7004,6573,6424,7062,7653,6892,6434,8148,7252,8035,7648,6448,6833,6959,7600,7095,7056,6746,6727,6880,5307,1257,7376,7730,9015,7747,7304,7383,7140,6013,5845,2986,0,0,0,6197,7468,7960,7129,7566,6441,6037,6326,7314,6758,7945,7960,7143,5598,5689,1481,6722,6606,6618,6905,7005,7159,6474,6053,3591,5783,6840,8163,6830,7377,6096,6792,6574,6855,6595,5861,6578,6939,6563,6612,6391,6044,6051,643,5088,6009,7047,7913,7639,7616,7043,7527,7824,7063,2468,7477,5894,5395,5557,6127,7741,8035,7675,6896,7377,7464,7041,6177,6403,6923,6639,0,6588,6285,7257,7324,7769,6278,6063,3015,6700,5799,6254,6672,7524,7658,6969,7074,7786,7580,7215,7296,7715,7290,6579,6346,5977,6515,4452,0,0,0,1499,7412,6734,7399,8433,7341,7756,7941,8457,8257,8181,8078,7454,8263,8356,8439,7113,7511,7010,5704,184,0,0,0,2905,7247,7890,7548,7543,8842,8052,7562,7475,7927,7361,7384,7237,8667,7655,6742,7640,6673,2994,0,0,0,0,6063,7120,7061,7057,5982,7375,7754,7918,6594,6332,6651,6769,6135,6208,6673,7150,3103,5405,6169,6060,7257,7013,6497,7852,506,0,23991,6953,6746,7830,6673,7194,6873,6676,5659,649,5668,6020,6658,6040,3511,6375,5803,6019,6179,6416,7561,6332,5890,6819,5849,5754,1568,7582,7551,6222,2983,7054,8129,7813,7520,7418,8006,7868,7336,7295,7858,7360,4055,5420,6006,6083,6011,6922,3019,6461,6292,6513,5718,6632,4897,6253,7506,7169,6852,7170,2357,6506,6499,6466,6987,7147,6664,2729,0,1550,5568,7692,8143,7764,7697,7351,6521,4425,0,0,0,5953,6591,6836,6463,6437,6651,6598,1332,4688,3308,3994,3947,3584,3503,4014,3704,3386,3387,3539,4027,3871,3692,3926,3813,3980,4205,4101,4259,3904,3771,3832,3860,3912,4378,3889,3570,4120,3638,3936,385,2146,4071,2632,3683,4456,4464,0,0,0,0,0,12787
CGGGTCAGTATCTCTT-1_B12,2329,2554,2715,2937,2746,2457,2677,2877,2756,3032,3159,3221,3003,3007,2745,2908,2947,3050,3140,2883,2881,3115,3235,2829,1144,0,0,0,2117,3451,3011,3079,3382,3106,2853,2741,2986,2894,3122,3211,3042,2871,2850,3126,3009,3044,2805,3161,3199,2466,2830,2857,2902,2824,3290,2880,10985,2950,2924,2970,2962,2967,2964,3042,2937,3643,3367,3189,1638,2858,2965,2913,2818,3232,2911,3103,3114,3233,3398,3298,3256,3114,3090,3424,3399,3152,3238,3206,3156,3017,2978,3390,3302,2932,2752,3016,2928,2907,1451,3050,2678,2702,3208,2803,3126,2980,2840,2760,2660,2953,2973,2881,3017,2985,2666,3212,3181,1161,2779,3019,3042,2919,3069,3075,2766,3282,3184,2977,2781,3184,3145,3385,3325,3252,3026,2784,2805,2744,1645,2657,3065,3429,3426,3133,3178,3012,3078,2972,3391,1706,3096,2897,2703,3393,2905,3152,3353,3235,3331,3229,3241,3110,3045,3033,2864,3057,2743,2946,3037,2927,2577,2641,2736,2897,2892,2893,2911,710,2913,2959,3099,3070,3029,2805,2896,3183,3292,1409,2789,2960,2848,2796,3135,3057,3162,3179,3301,2990,3467,3041,2961,2878,3168,2975,2694,2475,3035,2862,2883,2688,3076,2925,2964,2757,540,2726,2808,3057,3133,3087,2661,2757,2874,2793,3022,2947,3092,1957,3239,3013,3213,2866,3375,3194,3267,3329,2915,3097,2989,3295,3336,3052,2788,3206,2863,3087,2877,2821,2824,500,2220,2973,2986,2807,2687,2592,2577,2896,3173,3179,3173,2006,3094,2653,2874,3006,3000,3054,2689,2562,2519,2900,3430,3255,3399,3151,2991,2965,3074,3027,2414,2250,3021,3139,3020,3153,2743,2592,3116,2838,2607,2893,2861,3271,3017,2987,2900,3124,3145,3809,3215,3061,2845,2848,2976,2544,2849,3271,2876,2901,2503,416,3397,3065,3686,3221,3499,3486,3058,2758,2678,1269,0,0,0,2680,2733,3152,2875,2938,2688,2832,2626,2788,2988,2846,2652,2566,2394,2161,554,3217,2960,3184,2793,3189,2782,2623,2391,1592,2315,2961,3455,3200,3109,2490,2713,2798,3052,3239,3127,3121,2946,2910,2804,2931,2777,2522,345,2450,2734,3025,2905,3144,2910,2548,3032,3089,3043,1020,2945,2521,2373,2674,2651,3021,3030,3005,3111,3211,3134,2870,2889,2898,2972,2842,0,2818,2631,2952,3239,3128,3320,2772,1249,3497,2876,2747,2573,2889,3194,3367,3256,3263,3078,3119,2934,2993,2651,2947,2860,2931,3163,2103,0,0,0,701,3148,3162,3347,3632,3822,3286,3185,3427,3671,3446,3535,3346,3498,3149,3409,3218,3058,3372,2572,62,0,0,0,1235,3205,3063,3297,3340,3344,3111,3208,3531,3225,3218,3031,2720,3287,2950,2635,2841,2558,1197,0,0,0,0,2510,3439,3379,3400,3136,3389,3330,3260,2757,2799,2660,2875,2912,2912,2881,2658,1490,2253,2921,2911,3094,3216,3001,3364,191,0,10084,3038,2917,3255,3087,3024,2998,3101,2709,193,2459,2564,2755,2555,1613,2432,2684,2522,2629,2601,2878,2804,2836,2674,2566,2232,527,2938,2908,2793,1117,2936,2958,2650,2998,2898,2961,3005,2804,2798,3033,2802,1754,2209,2599,2634,2683,2696,1267,3001,2831,2829,2438,3069,2427,2453,2915,2892,2591,2602,1058,2443,2492,3086,2474,3004,2663,1138,0,640,2512,3332,3502,3410,3129,3191,2627,1752,0,0,0,2606,2469,3037,2976,2921,2992,2559,593,2048,1490,1606,1500,1637,1708,1434,1544,1629,1406,1334,1879,1669,1492,1244,1436,1376,1307,1399,1118,1215,1201,1409,1490,1580,1546,1559,1373,1539,1198,1456,233,908,1903,1248,1504,1667,1635,0,0,0,0,0,6226
TTCTCAAGTGCTCGAC-1_B11,5947,6286,5855,6516,6527,6283,6734,6560,6374,6663,6653,6939,7066,7322,7118,7455,7361,7375,7560,7326,7328,7592,6640,7411,2668,0,0,0,4957,8131,6700,7032,6817,7177,7413,6898,7303,7713,7416,7414,6447,6453,7057,7554,7340,7026,6951,7181,7014,6378,6857,6927,6858,7387,7234,6845,17397,7345,7704,7414,7580,7607,7212,7287,7142,7576,7458,7059,3864,6413,6974,7155,7187,7425,7371,7061,7754,7681,7533,6836,7542,7406,7764,7630,7420,7090,7224,7568,7323,7142,6841,7073,7292,7152,7531,7607,7109,7009,3774,7452,7570,6757,7584,7593,7831,7062,7125,7153,6409,6480,7322,7391,7279,7194,7701,7931,7811,2867,7585,7621,7423,7549,7232,6742,6597,7375,7577,7304,7243,8030,6970,8168,7837,7689,7968,7244,7177,7434,4170,6428,6819,7543,7970,7603,7697,7752,7460,7237,7845,3591,7460,8040,7589,7682,6936,7205,7126,7926,7806,7875,7722,7131,7524,7434,7302,7215,7307,7246,7524,7302,7545,7582,7447,7635,7676,7470,6590,1624,7519,7784,7270,7714,7757,7845,7566,7168,7518,3637,7326,7356,7120,6962,6729,7022,7139,7450,8023,7704,7813,7830,7528,7815,8106,7555,7053,6816,7213,7119,7227,7304,7565,7189,7218,6813,1450,6972,7492,7232,7252,7632,7306,6333,6722,6748,7991,7830,8349,4635,7997,7450,7513,7694,7474,7796,7534,8050,7205,7510,7803,7873,7185,7349,7071,7308,7447,7251,6951,7860,7067,1534,6428,7344,7300,7550,7666,7043,7130,6953,7307,7545,7286,4681,6876,7383,6754,7208,8052,7740,7210,6671,6887,7261,7474,7468,7385,7184,7166,7400,7094,7106,6898,5816,6924,6900,6960,7463,6982,7159,7354,7418,7097,7134,7386,7097,7104,7182,7443,7166,7729,8569,7390,7195,7312,7690,7647,7231,7402,7780,7326,7293,5952,1267,7310,7271,7412,7391,7469,7956,7415,6425,6258,3070,0,0,0,6462,7167,7528,7968,7551,6774,7140,7179,7469,7233,7314,7088,6972,5917,5692,1451,6602,7265,7146,7719,7293,7529,7326,6469,3907,6381,7082,7386,7616,7427,6203,6802,7405,7448,7386,7340,6950,7286,7136,7039,7066,6843,6549,742,6023,7373,7117,6973,7642,7619,7316,7705,7166,6934,2429,7061,6484,5989,6519,6988,7717,7548,7689,7449,7931,7552,7417,6484,7468,6877,6490,0,6838,6683,7626,7578,7368,7352,7104,3218,7131,7349,6702,6877,7280,7713,7457,7228,7670,7302,7263,7402,7307,6851,6565,6763,6361,6778,4738,0,0,0,1474,7626,6821,6789,7443,7395,7553,7700,7537,7880,8008,7705,7546,7464,7466,7325,7124,7041,7144,6284,152,0,0,0,2646,7399,7725,7719,7839,7559,7853,7193,6967,7235,7062,7142,6867,7611,7785,6816,7332,6423,2989,0,0,0,0,6674,6986,8064,7454,6928,7691,7357,7794,6813,6771,7156,6685,6791,7033,7262,7295,3718,5499,7115,6708,6958,7542,6485,8332,461,0,27324,6792,6993,7553,6738,7267,7186,7088,5975,598,6336,6510,7324,6527,3915,6127,6874,7109,6966,6872,7634,7190,6873,7720,6656,5946,1430,7457,6878,7125,2967,7640,8002,7796,7455,7861,6857,7325,7416,7917,7466,7204,4184,5624,6500,6236,6369,6770,3011,6559,7197,6949,6664,7453,5441,6648,6996,7240,7439,7510,2751,6857,6694,6495,6725,7137,6743,3123,0,1388,5531,7044,7450,7365,6980,6951,6717,4160,0,0,0,6070,6242,7155,6877,6374,6517,6370,1354,5118,3754,3732,3942,3646,3847,4136,3932,3798,3496,3706,4564,4216,3681,3646,3948,4092,3584,3698,3834,3501,3863,3788,3947,3773,3578,3748,3879,4118,3975,3732,510,1958,4461,2872,4107,4518,4143,0,0,0,0,0,15271
TAGGCATAGCAGTAGC-1_B12,5687,6154,6291,7542,6637,6246,6832,6597,6835,7620,6969,6596,7198,7564,7722,7145,7768,7467,7239,7666,7382,7525,6674,7062,2949,0,0,0,5110,8520,7121,7530,8008,7794,7787,8224,8159,7812,7780,7819,6955,7133,7182,7588,8138,8012,7109,8070,7892,6205,7273,7371,8558,8251,7093,6819,15045,7177,7146,7193,8855,8258,7674,7774,7681,8315,8369,7554,4055,7038,8185,8419,7641,8068,7136,7454,7884,6310,8596,8002,8513,8409,8042,8203,7322,7567,8360,8905,8049,8267,7784,7227,7295,6717,7185,7362,6890,7254,4150,7463,8078,7342,8458,7650,7995,8053,7273,7375,6784,6658,7306,7197,8082,7668,8004,8556,8808,3409,8274,8127,7663,7585,7181,7200,6586,7632,7631,7921,7652,7541,6918,7745,7894,8006,7821,7841,8164,7844,4483,6986,6811,7410,7122,7177,7617,8119,7703,7768,8476,3719,7877,8900,7774,7769,7357,7769,7333,7637,7098,7925,7654,6792,7620,7432,7682,7939,7337,7855,7914,7873,7241,6646,6750,8557,8159,7832,7293,1957,7602,7628,7713,8054,7646,8097,7889,8114,7005,4282,8154,7286,7847,6666,7272,7428,8305,7828,6919,7712,8370,7744,7471,7673,7810,8285,7096,6992,7505,7291,7145,6650,7353,7514,7332,7130,1389,6533,7392,7151,7350,7988,7214,6788,7568,7253,7659,7445,7424,4959,9291,6876,8109,8007,6645,7887,7586,8051,7610,6732,8363,8546,8164,7873,8051,8397,8180,7259,7174,8407,7479,1420,6705,7358,8432,8507,8216,7524,7774,7307,7846,7268,6492,4791,7299,7184,6176,7718,7979,7361,7923,7776,7172,7748,8044,7592,7549,6950,6161,7859,7967,7520,6559,5273,6738,6705,7564,7086,7172,7859,8100,7296,6921,7477,7721,7480,7521,7835,8143,7664,8207,9424,6754,7695,7575,7710,8356,7817,8475,7948,7587,7561,6241,1339,7704,8074,7464,7311,8012,7955,7123,6738,6660,2970,0,0,0,6280,6678,7921,7972,7481,6503,7206,7106,7975,6431,7412,7323,7337,5449,5403,1463,7494,8341,7167,6673,6920,6598,7602,6178,4473,6046,7178,8444,7568,8065,7092,6667,7160,7221,6714,7085,6458,7590,6714,6670,6633,6538,6461,821,7145,7706,7225,8022,7907,8028,7358,8309,7756,7131,2586,7887,6723,5858,6462,7516,7695,7452,7973,7005,7683,7465,6871,6273,7587,7829,7063,0,6354,7299,7797,6962,7520,7678,7995,3631,7328,6583,6608,6870,7365,8287,7996,7612,7426,8009,7676,7727,7546,7660,7768,6908,6086,7218,4813,0,0,0,1458,7036,7060,7019,7736,7991,8137,7778,8399,8125,8809,9053,7757,9032,8530,8736,7599,7982,7848,6126,187,0,0,0,2606,7829,8355,8030,7761,7533,8363,7035,7401,7768,7707,7388,7540,8164,6948,7376,7110,6717,2995,0,0,0,0,6507,7148,7928,8098,6387,7922,7251,7056,6918,7240,6078,7073,7469,7007,7131,7570,3271,5663,7579,7013,7286,7509,7411,8652,531,0,25542,6943,6549,7622,6981,7105,7040,7431,5830,701,6063,6415,6644,6797,4073,6438,6578,7296,6850,7008,7587,7537,8035,7905,6548,5352,1157,7833,7864,7790,2974,7786,8407,7631,7592,8271,7584,7718,8248,8468,8516,8191,4552,5668,6296,6121,5861,6798,2933,6140,6755,6906,6189,6772,5618,6540,7553,6809,7315,8041,2899,6815,7098,6867,7246,7313,7080,3428,0,1494,5668,8096,7949,8219,7249,7042,6493,4369,0,0,0,6121,6450,6243,7271,6558,6068,5871,1312,4562,3343,3492,3817,3850,3898,3655,3581,3133,3931,3960,4021,4535,4356,4062,3611,3862,4137,4045,3654,2675,3722,4018,3377,4407,4369,4144,3467,4134,3774,3703,513,1775,3450,2758,4039,4674,4074,0,0,0,0,0,14537
CATCAAGTCTGGTGGC-1_B12,4739,5147,4728,5020,4988,4999,5512,5838,5455,5714,5968,6341,6014,6585,6408,6216,6141,7035,5827,6619,6052,5993,5602,6380,2055,0,0,0,3905,6295,5408,5420,6139,6627,6613,6122,5653,6876,6760,6480,5504,5116,6111,6227,6030,5511,6070,6367,5950,4666,5899,6360,6338,6295,6206,5411,12432,5870,6039,5785,6379,6297,6126,6040,5595,6304,6495,5766,3276,4922,5667,5652,5584,5900,5536,5866,5462,6004,6354,5837,5679,6193,6330,6183,5928,6626,6733,6389,5937,6486,6410,6545,6238,5492,5712,5772,5298,5123,3370,6034,6092,5315,6041,6409,6133,5995,5898,5326,4806,5227,6101,5755,5841,5690,5802,6765,6442,2589,6726,6027,6321,6512,5962,5775,5510,5648,6171,5840,6448,6447,6674,6552,6466,6777,7022,6016,5606,5680,3379,5397,5756,6441,6343,6800,6628,6653,6232,6102,6420,3277,6915,7148,6863,7208,6403,6071,6314,7442,6810,6964,6833,6466,6834,5801,6296,6922,6860,5777,6192,6428,6579,6221,6389,6254,7382,6281,6258,1429,5699,6164,6652,6650,6944,7148,7021,6357,7007,3251,6652,5955,6062,6633,6337,6088,6721,6555,6030,6516,7130,6488,5446,6151,6340,6667,5391,4980,6069,5634,6148,6150,6872,6079,5133,5413,1034,6019,6304,6283,6418,6335,6259,5327,5361,5432,6196,6724,6563,4021,6904,5947,6084,6876,6738,6996,7071,7379,5439,6243,6302,6563,6623,6255,6558,6629,6030,5908,5987,5886,5354,1016,5315,6081,6637,5995,6292,5702,6107,6568,5887,6371,6511,3932,5530,5618,5508,6434,7145,6639,6707,6102,5569,6058,6965,6924,6610,6322,5975,6376,6279,5951,5087,4375,5444,5886,5987,6447,6167,5872,6114,5832,5771,6266,6890,6698,6573,6721,6282,6993,6727,7647,6219,6207,5988,6433,6926,6261,6541,5791,6333,6147,4757,1141,6573,6474,7069,6525,6674,6689,6351,5494,5482,2636,0,0,0,5534,6179,6436,6868,6361,5571,5762,6546,6506,6162,5814,6108,5802,5107,4748,1284,6075,6492,6360,6626,6284,6522,6403,5367,3651,5374,6211,7247,6404,6753,5784,5633,6222,6173,6669,6278,5766,5593,5950,5741,5406,5393,5471,577,5225,5908,5668,5737,6118,6672,6044,6689,6356,5940,1981,5935,5247,4877,5561,5771,6303,6472,6125,5810,6296,6253,5646,5129,5522,5517,5659,0,6068,5403,6506,6454,6676,6741,6539,2880,7172,6199,5504,5970,6639,6826,6237,6584,6974,7044,6884,6495,6749,6404,5798,5357,5101,5664,3947,0,0,0,1259,6655,5629,5971,6452,6482,6405,6363,6787,7089,7622,7060,6472,6858,6715,6928,6074,6303,6785,4585,127,0,0,0,2240,5508,6077,6265,5991,6375,6700,6040,6143,6561,5868,5910,5403,6284,6235,5177,5867,5185,2489,0,0,0,0,5454,5668,6180,6259,5695,6401,6008,5748,5828,5225,5886,5326,5614,5993,5872,6361,2900,4791,5491,5241,5402,6201,5641,7002,460,0,20274,6367,5515,6726,5377,6288,6940,6401,4834,469,4703,5708,5841,5773,3172,5400,5049,5333,5118,5327,6142,5310,5824,6009,4820,4509,914,5061,5628,6003,2560,6519,7306,6649,7515,6518,5964,5893,6006,6661,6339,6056,3383,4619,4920,5055,5018,5910,2787,5317,6274,5667,5049,5534,4516,5582,6061,5998,5612,6140,2098,5358,5961,5625,5752,6892,5844,2642,0,1164,4440,6423,6434,6640,5052,5948,5253,3260,0,0,0,4928,5276,6244,5843,5498,5229,4741,1138,4179,3236,3106,2717,3400,3184,3260,3200,3297,2952,2864,3540,3326,3197,3272,3682,3640,3474,3724,3419,3357,3360,3584,3137,3223,3345,3320,3002,3471,3326,3023,422,1779,3884,2309,3694,3800,3393,0,0,0,0,0,13576
GTTAAGCTCTACGGGC-1_B12,4668,4952,4557,5414,4724,4930,5554,5756,5633,5613,5952,6108,6245,5804,6353,5752,5681,5995,5936,5928,5694,6438,5645,5815,2069,0,0,0,3862,6184,5539,5658,5353,5550,5675,5656,5787,6092,6784,6259,5978,5325,5607,5428,5724,5770,5406,5430,5416,5009,5415,5765,5886,5747,5622,5062,11795,6341,6195,5460,6328,5670,5824,5841,5622,5961,5763,6018,3047,6104,6041,5513,5703,6235,6294,5848,6024,6095,5921,5717,5960,5788,5666,6848,6374,5825,6077,5896,5847,6063,5387,5828,6153,5753,5634,5993,5125,4851,3628,6097,5784,5371,5661,6146,5817,5778,5624,5823,5239,5772,6162,6487,6084,6084,5979,6568,6703,2676,6273,5573,5245,5545,6293,5415,5124,5607,5633,5853,5751,6473,5540,5439,5462,6138,5755,5834,5601,4931,3319,5477,5677,5634,6233,6222,6302,6232,6153,5560,6097,2784,6120,6155,6650,6373,6122,5863,5511,6438,6571,5984,5761,6120,6522,6056,6312,6310,6372,6214,6201,6376,6064,5631,6023,5940,6317,6096,6022,1505,6148,6294,5647,6083,5923,5856,6446,5876,6357,2803,6521,5182,6416,5918,5731,5881,5917,5969,6048,5906,6051,6295,5655,6294,6570,5771,5568,5428,5972,5605,5995,5867,6420,5677,5830,5248,1047,5494,6381,5701,5550,5354,5533,5094,5502,5297,6031,6033,5564,3442,5854,5734,6052,6462,6287,5421,6044,5491,5739,5846,5926,5540,5949,6072,5659,5773,5701,6243,5702,6113,5710,1206,5212,5749,6094,5818,5567,6000,5272,5767,5926,5504,5982,3525,5027,5687,5500,5592,6242,6399,6650,5425,5358,5957,6097,6579,6044,5461,5738,6047,5981,5753,5289,4811,5663,5713,5660,5711,5421,5558,5654,5468,5474,5464,6201,5810,6312,5853,6242,6447,5659,7264,6242,5606,5745,6188,6564,6072,5510,5261,5131,5244,5081,1148,5944,5549,5895,5860,6234,6172,5581,5280,5547,2684,0,0,0,5354,5996,5919,5263,5531,5795,5923,5967,5644,5942,5872,5968,6409,5098,4912,1329,5804,6098,5269,5621,5779,6137,6163,5196,3142,4426,5136,6188,5311,5887,5286,6020,6306,6139,6348,6251,5231,5531,5522,5739,5693,5315,5183,709,4987,5945,5899,5618,6206,5819,6075,6056,5443,5250,1810,5797,5087,4907,5428,5617,6151,6184,5785,5799,6151,5909,5938,5254,5516,5612,5644,0,5411,4885,5080,5784,5694,5525,5526,2362,5933,5947,4962,5283,5619,5976,5982,5869,5009,5922,5034,5070,5032,4456,5172,5457,5164,5222,3614,0,0,0,1239,5811,5687,5742,6194,5953,5950,5932,6468,6332,6597,6348,5865,5441,5649,5475,5658,5583,5911,5244,116,0,0,0,2334,6424,6280,5895,6190,6664,6046,5602,6226,6183,5876,5706,5768,6413,5897,5485,5980,5546,2310,0,0,0,0,4786,5860,6072,5657,4894,6168,6280,5879,5932,5116,5226,4932,5586,6081,5482,5504,2933,4602,5719,5829,5947,6530,6033,6296,267,0,19529,6019,5780,6775,5346,5729,6031,5716,5169,489,5328,5373,5996,5925,3071,5178,5328,5674,5785,5323,6012,6330,5589,6268,5113,4891,1222,5436,5009,4515,2054,5405,6231,5628,5632,5595,5049,5542,5792,5854,5983,5003,2818,4531,5390,5016,4961,5484,2668,5353,6057,5765,5056,5512,4510,5699,6239,5680,5723,6098,2295,5373,5820,5556,5349,5705,5457,2641,0,1184,4556,5857,6451,6363,6126,6273,5482,3644,0,0,0,5035,5175,5415,5159,5245,5074,5050,1130,3991,2629,2728,2930,3208,2859,3091,2642,3006,3223,2794,3545,3192,3163,3001,3169,3418,3600,3489,3441,3230,3056,3137,3015,3162,3157,3167,2926,3142,3106,2694,468,1595,3415,2617,3126,3277,3199,0,0,0,0,0,11546
ATTGGTGTCTATGGTG-1_B11,2758,2701,2626,2870,2593,2849,2727,2706,2993,2736,2779,2756,2772,2898,2723,3063,3037,2701,3014,2617,2474,2921,2803,2603,981,0,0,0,1768,2957,2972,2987,2960,2919,2810,2812,2999,2960,2726,2835,2694,2884,3210,2918,3448,3124,2800,2880,2673,2460,3282,2866,2849,3146,2968,2948,6765,2822,2451,2666,2543,2780,3042,3096,3100,2985,2806,3118,1513,2659,2972,2688,2652,2582,2721,2872,2848,2912,2698,2964,3000,2969,2893,3044,3142,2648,2730,2709,2670,2780,2836,3042,2936,2862,3056,3155,2888,2641,1688,3004,2930,3165,2822,2947,2950,2898,2755,2409,2946,2924,3033,2854,3307,3025,2648,3007,2932,1266,3015,2963,2964,3295,3211,2912,2942,2702,2999,3271,3039,3029,3481,2962,2763,3222,2989,2920,3026,2855,1858,2913,3195,3112,3027,2918,2987,2688,3029,3237,2706,1412,2989,2789,2897,2996,3045,3251,2898,2688,2880,3074,3149,3116,2789,2924,3036,3103,2996,3011,2745,2852,2813,2977,3005,3075,3035,2855,3109,705,3517,3196,3070,3276,3081,3207,3537,3013,2814,1390,2969,2854,2995,2963,3009,3130,3104,3111,2809,3147,3015,3226,2797,2845,3218,3122,2959,2908,2763,3046,3204,3142,2941,3220,2731,2965,579,2976,3140,2544,2688,3049,2985,2874,2674,3096,3201,3162,3316,1910,3230,2817,3213,3134,2952,3006,2941,3195,3327,3367,3115,3035,3111,3070,3203,3265,3070,3040,3026,2737,2627,570,2648,3009,3131,2928,2968,2910,3008,2831,2672,2976,2744,1945,2690,2909,2999,3033,3082,3150,2866,3078,2903,3263,2749,3000,2739,2746,2751,3097,2935,2947,2933,2404,2971,3166,2960,3265,2839,3106,3337,3442,3163,3226,3151,3331,3251,3274,3216,3217,3103,3684,2912,3331,3235,3126,2973,2885,3030,3182,3052,2797,2837,616,2502,2499,2463,2504,2217,2349,2468,2390,2157,1192,0,0,0,2256,2556,2866,2654,2628,2516,2834,3073,2782,2947,2665,2411,2896,2461,2571,689,3289,3159,3005,3144,3048,3173,3308,2676,1841,3069,2856,3199,2976,3115,3085,2879,2711,2919,3016,2969,2864,3118,3096,3036,3407,3034,3093,346,3061,3052,3071,3129,3001,2970,3086,3035,3171,3020,911,2966,3005,3003,2931,3218,2985,3092,2923,2905,3020,3075,3091,3009,2926,2961,2970,0,3091,2823,2990,3185,3191,3114,2834,1256,2902,3176,3183,3159,3099,3427,3229,2878,3111,2903,3379,3286,3212,3330,2917,2906,2728,2987,2343,0,0,0,665,3041,3208,2863,2823,2963,3190,3339,3210,3100,2889,2788,2947,2638,2717,3067,3089,2816,2916,2658,74,0,0,0,927,2901,2647,2820,2837,2659,2869,3053,2868,2536,2915,3202,3192,2851,3099,3199,3400,2845,1257,0,0,0,0,2486,2799,3273,3148,2868,2924,2721,2549,2637,2552,2938,2769,2612,2941,2662,2620,1324,2636,3139,2978,2926,3124,2843,2989,161,0,5464,2658,2657,2580,3018,2810,2722,2693,2809,259,2931,3158,3601,3316,1807,2831,2930,3119,2812,3083,3214,3149,2920,3207,3023,2885,717,2581,2746,2727,1036,3214,2886,2701,3051,3012,2778,3111,2992,3021,2879,3059,1559,2771,2933,2809,2944,2919,1266,2907,3210,2754,2815,2823,2243,2941,2739,3178,2692,2614,1092,2939,2885,2919,2626,2641,2725,1646,0,466,1964,2751,3087,3089,2799,3001,2863,1723,0,0,0,2292,2685,3174,3116,2872,3065,3015,685,2316,1589,1474,1592,1136,1583,1388,1488,1583,1583,1568,1828,1517,1667,1765,1481,1462,1451,1335,1527,1549,1432,1449,1537,1367,1428,1570,1363,1529,1465,1608,182,780,1386,989,1434,1370,1228,0,0,0,0,0,3157
ATTATCCTCTGAAGCT-1_B12,2914,3386,3281,3368,3123,3351,3694,3496,3583,3669,3843,3991,4384,4135,4755,4917,4904,4602,4474,4485,4380,4709,4039,4343,1581,0,0,0,2689,4615,3719,3837,4236,4154,4636,3943,3991,4597,4300,4412,3418,3214,3904,3748,4034,3757,3518,3829,4140,3280,3936,3787,4234,3930,4075,3850,8994,4529,3911,3675,4060,4263,4216,4289,4142,4316,4640,4173,2437,3461,4079,3820,3848,4342,4022,3715,3978,4287,4186,4373,4513,4465,4181,4342,4346,4406,4906,5104,4733,4670,4232,4442,4904,4548,4491,4808,3919,4003,2058,4222,4675,3502,4598,4722,4230,4195,3824,3862,4055,3787,4186,4329,4244,4419,4517,5245,4544,1940,4620,5039,4433,4397,4255,3886,3650,4089,4257,4638,4548,4428,4355,5078,4650,4510,4528,4482,4362,4259,2192,3941,3711,4733,4824,4022,4462,4413,4275,4153,4476,2149,4663,5154,4538,4467,4461,4543,4158,4513,4615,4307,4472,4339,5179,4247,4425,4321,4528,4600,4560,3779,4078,5023,4628,4554,4891,4606,4292,1058,3824,3909,3959,4638,4754,4603,4126,4133,3762,1900,3329,3154,3806,4009,3790,4344,4039,4166,4456,4662,4854,4974,4391,4629,4791,4786,4084,3950,3909,3761,3668,4078,4292,4163,3619,3494,721,3921,4300,3976,4051,4106,3963,3317,3752,3999,4377,4712,4553,2906,4546,4523,4828,4452,4003,4371,4405,4772,4246,4079,4471,4653,4159,4121,3754,3918,4749,4565,3900,4309,3746,715,3400,3560,4510,4413,3935,4070,4276,4253,4080,4023,3987,2688,4142,4121,3830,3887,3941,4734,4351,3616,3705,4201,4352,4575,4381,4039,4356,4346,4174,3778,3512,3012,3487,3470,4154,4623,3526,4248,4341,4118,4057,4258,4293,4095,4204,4215,4251,4810,4316,4939,4142,4145,4096,3859,4380,4804,4242,3719,4113,4169,3114,679,4094,3839,4722,4742,4349,4341,4338,3808,3784,1749,0,0,0,3551,4097,4378,4934,4322,3896,4126,3932,4777,4034,3853,3596,3511,2677,2972,845,4317,4410,4212,4057,4088,4744,4550,3775,2333,3687,4254,5032,4357,4204,3260,3861,4582,4082,4518,4185,3672,4025,4062,4043,4043,3993,3572,367,3418,4192,4169,4239,4147,3966,3939,4316,3887,3952,1515,4736,3276,3143,3714,3957,4428,4565,4507,4773,4106,3436,3543,3420,3653,4121,3960,0,3524,3800,3880,4268,3620,4546,4119,1982,4362,3884,3663,4413,4558,4764,4948,5072,4539,4573,4766,3769,4491,3608,3266,3190,3360,4331,3134,0,0,0,821,4316,4042,4193,4556,4234,4695,4555,5024,4832,4914,5015,4342,4060,5100,5029,4625,4503,4329,3443,108,0,0,0,1488,4676,4766,4553,4707,4565,4552,4550,4945,4707,4832,4426,3976,4633,4140,3950,3731,3621,1831,0,0,0,0,3801,4209,4653,4935,4202,4762,5038,4548,4127,4106,3836,4341,4259,4222,4121,4833,2136,2947,4124,3652,4228,4359,3953,4669,290,0,17529,4390,3829,4280,3638,4115,4114,3899,3253,262,3664,3678,4015,3654,2354,3733,3895,3361,3718,3792,4462,4219,3989,4484,3694,2895,815,4590,3957,3730,1733,4469,4446,4336,4371,4835,4148,4466,4759,5010,4925,4402,2189,2878,2849,3539,3425,4517,1895,4152,3913,3581,3180,3235,3079,3608,4369,4188,4213,3954,1470,3310,4243,4064,4024,4490,3544,1916,0,764,3220,4447,4736,4876,4554,4071,3924,2210,0,0,0,3402,3532,3799,3682,3714,3305,3581,696,2435,1646,2236,2076,2188,2210,2181,1833,2013,1976,1954,2183,2489,2459,1967,2194,1993,2562,2797,2477,2089,1776,1638,2170,2187,2145,2252,2376,2495,2302,2099,313,1144,2236,1684,2562,2706,2447,0,0,0,0,0,8237
